{
	"format_version": "1.8.0",
	"animations": {
		"trap_pre": {
			"loop": "hold_on_last_frame",
			"animation_length": 2.25,
			"bones": {
				"box": {
					"rotation": {
						"0.0": {
							"vector": [0, 0, 0]
						},
						"0.0417": [0.14975, 0, 0],
						"0.0833": [0.59609, 0, 0],
						"0.1667": [1.90391, 0, 0],
						"0.2083": [2.35025, 0, 0],
						"0.25": {
							"vector": [2.5, 0, 0]
						},
						"0.2917": [2.64975, 0, 0],
						"0.3333": [3.09609, 0, 0],
						"0.4167": [4.40391, 0, 0],
						"0.4583": [4.85025, 0, 0],
						"0.5": {
							"vector": [5, 0, 0]
						},
						"0.5417": [4.85025, 0, 0],
						"0.5833": [4.40391, 0, 0],
						"0.6667": [3.09609, 0, 0],
						"0.7083": [2.64975, 0, 0],
						"0.75": {
							"vector": [2.5, 0, 0]
						},
						"0.7917": [2.35025, 0, 0],
						"0.8333": [1.90391, 0, 0],
						"0.9167": [0.59609, 0, 0],
						"0.9583": [0.14975, 0, 0],
						"1.0": {
							"vector": [0, 0, 0]
						},
						"1.0417": [0.14975, 0, 0],
						"1.0833": [0.59609, 0, 0],
						"1.1667": [1.90391, 0, 0],
						"1.2083": [2.35025, 0, 0],
						"1.25": {
							"vector": [2.5, 0, 0]
						},
						"1.2917": [2.64975, 0, 0],
						"1.3333": [3.09609, 0, 0],
						"1.4167": [4.40391, 0, 0],
						"1.4583": [4.85025, 0, 0],
						"1.5": {
							"vector": [5, 0, 0]
						},
						"1.5417": [5.44924, 0, 0],
						"1.5833": [6.78827, 0, 0],
						"1.6667": [10.71173, 0, 0],
						"1.7083": [12.05076, 0, 0],
						"1.75": {
							"vector": [12.5, 0, 0]
						},
						"1.7917": [13.54823, 0, 0],
						"1.8333": [16.67263, 0, 0],
						"1.9167": [25.82737, 0, 0],
						"1.9583": [28.95177, 0, 0],
						"2.0": {
							"vector": [30, 0, 0]
						},
						"2.0417": [30, 0, 0],
						"2.25": {
							"vector": [30, 0, 0]
						}
					},
					"position": {
						"0.0": {
							"vector": [0, 0, 0]
						},
						"0.0417": [0, 0.00364, 0.02912],
						"0.0833": [0, 0.0109, 0.08718],
						"0.375": [0, 0.08026, 0.64205],
						"0.4167": [0, 0.0891, 0.71282],
						"0.4583": [0, 0.09636, 0.77088],
						"0.5": {
							"vector": [0, 0.1, 0.8]
						},
						"0.5417": [0, 0.09636, 0.77088],
						"0.5833": [0, 0.0891, 0.71282],
						"0.875": [0, 0.01974, 0.15795],
						"0.9167": [0, 0.0109, 0.08718],
						"0.9583": [0, 0.00364, 0.02912],
						"1.0": {
							"vector": [0, 0, 0]
						},
						"1.0417": [0, 0.00364, 0.02912],
						"1.0833": [0, 0.0109, 0.08718],
						"1.375": [0, 0.08026, 0.64205],
						"1.4167": [0, 0.0891, 0.71282],
						"1.4583": [0, 0.09636, 0.77088],
						"1.5": {
							"vector": [0, 0.1, 0.8]
						},
						"1.5417": [0, -0.00921, 0.73447],
						"1.5833": [0, -0.22692, 0.60385],
						"1.625": [0, -0.4923, 0.44462],
						"1.6667": [0, -0.78337, 0.26998],
						"1.8333": [0, -2.01663, -0.46998],
						"1.875": [0, -2.3077, -0.64462],
						"1.9167": [0, -2.57308, -0.80385],
						"1.9583": [0, -2.79079, -0.93447],
						"2.0": {
							"vector": [0, -2.9, -1]
						},
						"2.0417": [0, -2.9, -1],
						"2.25": {
							"vector": [0, -2.9, -1]
						}
					},
					"scale": {
						"0.0": {
							"vector": [1, 1, 1]
						},
						"0.0417": [1, 1, 1],
						"0.5833": [1, 1, 1],
						"1.125": [1, 1, 1],
						"1.6667": [1, 1, 1],
						"1.875": {
							"vector": [1, 1, 1]
						},
						"1.9167": [1.02061, 0.96908, 1],
						"1.9583": [1.17939, 0.73092, 1],
						"2.0": {
							"vector": [1.2, 0.7, 1]
						},
						"2.0417": [1.18802, 0.71797, 1],
						"2.0833": [1.15231, 0.77153, 1],
						"2.1667": [1.04769, 0.92847, 1],
						"2.2083": [1.01198, 0.98203, 1],
						"2.25": {
							"vector": [1, 1, 1]
						}
					}
				},
				"stick": {
					"rotation": {
						"0.0": {
							"vector": [0, 0, 0]
						},
						"0.0417": [-0.14975, 0, 0],
						"0.0833": [-0.59609, 0, 0],
						"0.1667": [-1.90391, 0, 0],
						"0.2083": [-2.35025, 0, 0],
						"0.25": {
							"vector": [-2.5, 0, 0]
						},
						"0.2917": [-2.64975, 0, 0],
						"0.3333": [-3.09609, 0, 0],
						"0.4167": [-4.40391, 0, 0],
						"0.4583": [-4.85025, 0, 0],
						"0.5": {
							"vector": [-5, 0, 0]
						},
						"0.5417": [-4.85025, 0, 0],
						"0.5833": [-4.40391, 0, 0],
						"0.6667": [-3.09609, 0, 0],
						"0.7083": [-2.64975, 0, 0],
						"0.75": {
							"vector": [-2.5, 0, 0]
						},
						"0.7917": [-2.35025, 0, 0],
						"0.8333": [-1.90391, 0, 0],
						"0.9167": [-0.59609, 0, 0],
						"0.9583": [-0.14975, 0, 0],
						"1.0": {
							"vector": [0, 0, 0]
						},
						"1.0417": [-0.14975, 0, 0],
						"1.0833": [-0.59609, 0, 0],
						"1.1667": [-1.90391, 0, 0],
						"1.2083": [-2.35025, 0, 0],
						"1.25": {
							"vector": [-2.5, 0, 0]
						},
						"1.2917": [-2.64975, 0, 0],
						"1.3333": [-3.09609, 0, 0],
						"1.4167": [-4.40391, 0, 0],
						"1.4583": [-4.85025, 0, 0],
						"1.5": {
							"vector": [-5, 0, 0]
						},
						"1.5417": [-5.89849, 0, 0],
						"1.5833": [-8.57654, 0, 0],
						"1.6667": [-16.42346, 0, 0],
						"1.7083": [-19.10151, 0, 0],
						"1.75": {
							"vector": [-20, 0, 0]
						},
						"1.7917": [-24.19293, 0, 0],
						"1.8333": [-36.69051, 0, 0],
						"1.9167": [-73.30949, 0, 0],
						"1.9583": [-85.80707, 0, 0],
						"2.0": {
							"vector": [-90, 0, 0]
						}
					},
					"position": {
						"0.0": {
							"vector": [0, 0, 0]
						},
						"0.0417": [0, 0, 0.00765],
						"0.5833": [0, 0, 0.16885],
						"1.125": [0, 0, 0.33946],
						"1.6667": [0, 0, 0.50847],
						"2.0": {
							"vector": [0, 0, 0.6]
						}
					}
				}
			}
		},
		"trap_loop": {
			"loop": true,
			"animation_length": 3.25,
			"bones": {
				"box": {
					"rotation": {
						"0.0": {
							"vector": [30, 0, 0]
						},
						"0.0417": [30.2995, 0, 0],
						"0.0833": [31.19218, 0, 0],
						"0.1667": [33.80782, 0, 0],
						"0.2083": [34.7005, 0, 0],
						"0.25": {
							"vector": [35, 0, 0]
						},
						"0.2917": [35.2995, 0, 0],
						"0.3333": [36.19218, 0, 0],
						"0.4167": [38.80782, 0, 0],
						"0.4583": [39.7005, 0, 0],
						"0.5": {
							"vector": [40, 0, 0]
						},
						"0.5417": [39.7005, 0, 0],
						"0.5833": [38.80782, 0, 0],
						"0.6667": [36.19218, 0, 0],
						"0.7083": [35.2995, 0, 0],
						"0.75": {
							"vector": [35, 0, 0]
						},
						"0.7917": [34.7005, 0, 0],
						"0.8333": [33.80782, 0, 0],
						"0.9167": [31.19218, 0, 0],
						"0.9583": [30.2995, 0, 0],
						"1.0": {
							"vector": [30, 0, 0]
						},
						"1.0417": [29.7005, 0, 0],
						"1.0833": [28.80782, 0, 0],
						"1.1667": [26.19218, 0, 0],
						"1.2083": [25.2995, 0, 0],
						"1.25": {
							"vector": [25, 0, 0]
						},
						"1.2917": [25.2995, 0, 0],
						"1.3333": [26.19218, 0, 0],
						"1.4167": [28.80782, 0, 0],
						"1.4583": [29.7005, 0, 0],
						"1.5": {
							"vector": [30, 0, 0]
						},
						"1.5417": [30.2995, 0, 0],
						"1.5833": [31.19218, 0, 0],
						"1.6667": [33.80782, 0, 0],
						"1.7083": [34.7005, 0, 0],
						"1.75": {
							"vector": [35, 0, 0]
						},
						"1.7917": [34.85025, 0, 0],
						"1.8333": [34.40391, 0, 0],
						"1.9167": [33.09609, 0, 0],
						"1.9583": [32.64975, 0, 0],
						"2.0": {
							"vector": [32.5, 0, 0]
						},
						"2.0417": [32.35025, 0, 0],
						"2.0833": [31.90391, 0, 0],
						"2.1667": [30.59609, 0, 0],
						"2.2083": [30.14975, 0, 0],
						"2.25": {
							"vector": [30, 0, 0]
						},
						"2.2917": [30.2995, 0, 0],
						"2.3333": [31.19218, 0, 0],
						"2.4167": [33.80782, 0, 0],
						"2.4583": [34.7005, 0, 0],
						"2.5": {
							"vector": [35, 0, 0]
						},
						"2.5417": [33.96949, 0, 0],
						"2.5833": [26.03051, 0, 0],
						"2.625": {
							"vector": [25, 0, 0]
						},
						"2.6667": [25.51525, 0, 0],
						"2.7083": [29.48475, 0, 0],
						"2.75": {
							"vector": [30, 0, 0]
						},
						"2.7917": [30, 0, 0],
						"3.0": {
							"vector": [30, 0, 0]
						},
						"3.0417": [30, 0, 0],
						"3.25": {
							"vector": [30, 0, 0]
						}
					},